Romanji,English
Fugou Keiji: Balance:UNLIMITED,The Millionaire Detective - Balance: UNLIMITED
Katanagatari,Katanagatari
Shingeki no Bahamut: GENESIS,Rage of Bahamut: Genesis
THE FIRST SLAM DUNK,THE FIRST SLAM DUNK
Jigokuraku,Hell’s Paradise
Uchuu Senkan Tiramisu II,Space Battleship Tiramisu ZWEI
Uchuu Senkan Tiramisu,Space Battleship Tiramisu
Kubikiri Cycle: Aoiro Savant to Zaregotozukai,Kubikiri Cycle: The Blue Savant and the Nonsense User
Doukyuusei,Doukyuusei -Classmates-
Higurashi no Naku Koro ni Kai,When They Cry Kai
Higurashi no Naku Koro ni,When They Cry
Chi's Sweet Home: Atarashii Ouchi,Chi's Sweet Home - Chi's New Address
Dandadan,DAN DA DAN
Blue Lock VS. U-20 JAPAN,BLUE LOCK Season 2
BLEACH: Sennen Kessen-hen - Soukoku-tan,BLEACH: Thousand-Year Blood War - The Conflict
BEASTARS FINAL SEASON Part 1,BEASTARS Final Season Part 1
Carole & Tuesday,Carole & Tuesday
Violet Evergarden Movie,Violet Evergarden: the Movie
Violet Evergarden Gaiden: Eien to Jidou Shuki Ningyou,Violet Evergarden: Eternity and the Auto Memory Doll
Violet Evergarden,Violet Evergarden
"Momoko, Kaeru no Uta ga Kikoeru yo",My Sister Momoko
Hanma Baki VS Kengan Ashura,Baki Hanma VS Kengan Ashura
Senki Zesshou Symphogear,Symphogear
Loups=Garous,Loups=Garous
Uzumaki,Uzumaki
MASHLE: Kami Shinkakusha Kouho Senbatsu Shiken-hen,MASHLE: MAGIC AND MUSCLES Season 2
MASHLE,MASHLE: MAGIC AND MUSCLES
GHOST IN THE SHELL: Koukaku Kidoutai,Ghost in the Shell
Ai no Utagoe wo Kikasete,Sing a Bit of Harmony
Akatsuki no Yona OVA,Yona of the Dawn OVA
Kino no Tabi: the Beautiful World,Kino's Journey
Kage no Jitsuryokusha ni Naritakute!,The Eminence in Shadow
Taiho Shichauzo,You're Under Arrest!
Samurai Champloo,Samurai Champloo
orange: Mirai,Orange: Future
orange,Orange
Kidou Senshi Gundam: Suisei no Majo,Mobile Suit Gundam: The Witch from Mercury
Toki no Tabibito: Time Stranger,Toki no Tabibito: Time Stranger
"Kimi to, Nami ni Noretara",Ride Your Wave
Hypnosis Mic -Division Rap Battle- Rhyme Anima+,HYPNOSISMIC -Division Rap Battle- Rhyme Anima PLUS
REVENGER,Revenger
Wotaku ni Koi wa Muzukashii,Wotakoi: Love is Hard for Otaku
Rakuen Tsuihou: Expelled From Paradise,Expelled From Paradise
My Home Hero,My Home Hero
Skip to Loafer,Skip and Loafer
REDLINE,Redline
Alien 9,Alien Nine
Undead Unluck,Undead Unluck
SAKAMOTO DAYS,SAKAMOTO DAYS
Shiguang Dailiren: Yingdu Pian,Link Click: Bridon Arc
Dr. STONE SCIENCE FUTURE,Dr. STONE SCIENCE FUTURE
Ore dake Level Up na Ken: Season 2 - Arise from the Shadow,Solo Leveling Season 2 -Arise from the Shadow-
Fate/Zero,Fate/Zero
Kyoushoku Soukou Guyver,The Guyver: Bio-Booster Armor
ID: INVADED,ID: INVADED
Vivy: Fluorite Eye’s Song,Vivy -Fluorite Eye's Song-
Given: Hiiragi mix,given The Movie: Hiiragi Mix
Kimetsu no Yaiba: Hashira Geiko-hen,Demon Slayer: Kimetsu no Yaiba Hashira Training Arc
Boku no Marie,My Dear Marie
Hibike! Euphonium,Sound! Euphonium
Enen no Shouboutai: San no Shou,Fire Force Season 3
One Punch Man 2 OVA,One-Punch Man Season 2 OVA
Uchuu Patrol Luluco,Space Patrol Luluco
Kusuriya no Hitorigoto 2nd Season,The Apothecary Diaries Season 2
Kowloon Generic Romance,KOWLOON GENERIC ROMANCE
Lazarus,LAZARUS
Kono Subarashii Sekai ni Shukufuku wo! 3: BONUS STAGE,KONOSUBA -God's Blessing on This Wonderful World! 3 -BONUS STAGE-
Gigigoegoe: Sunghyungsoo,Beauty Water
Sekkou Boys,Sekko Boys
Mob Psycho 100 REIGEN: Shirarezaru Kiseki Reinouryokusha,Mob Psycho 100 REIGEN The Miraculous Unknown Psychic
Danganronpa: Kibou no Gakuen to Zetsubou no Koukousei - The Animation,Danganronpa: The Animation
Kono Subarashii Sekai ni Shukufuku wo! 3,KONOSUBA -God's blessing on this wonderful world! 3
Takopii no Genzai,Takopi's Original Sin
SAKAMOTO DAYS Part 2,SAKAMOTO DAYS Part 2
Dr. STONE: SCIENCE FUTURE Part 2,Dr. STONE SCIENCE FUTURE Cour 2
Hataraku Saibou!!,Cells at Work!!
Dandadan 2nd Season,DAN DA DAN Season 2
Duan Nao,Die Now
Kaijuu 8-gou,Kaiju No. 8
Kaijuu 8-gou 2nd Season,Kaiju No. 8 Season 2
Kakegurui,Kakegurui
ACCA: 13-ku Kansatsu-ka,ACCA: 13-Territory Inspection Dept.
Fujimoto Tatsuki 17-26,Tatsuki Fujimoto 17-26
RAINBOW: Nisha Rokubou no Shichinin,Rainbow
Kareshi Kanojo no Jijou,His and Her Circumstances
Ura Sekai Picnic,Otherside Picnic
Bakemono no Ko,The Boy and The Beast
Tougen Anki,TOUGEN ANKI
SPY×FAMILY Season 3,SPY x FAMILY Season 3
Undead Unluck: Winter-hen,Undead Unluck: Winter Arc
SANDA,SANDA
Ranma 1/2 (2024),Ranma1/2 (2024)
Shoujo Shuumatsu Ryokou,Girls' Last Tour
3x3 Eyes,3x3 Eyes
Sayonara no Asa ni Yakusoku no Hana wo Kazarou,Maquia: When the Promised Flower Blooms
JUNK HEAD,JUNK HEAD
Kono Subarashii Sekai ni Shukufuku wo!: Kono Subarashii Choker ni Shukufuku wo!,KONOSUBA -God's blessing on this wonderful world!: God's Blessings On This Wonderful Choker!
BLUE GIANT,Blue Giant
THE Big O,The Big O
Sora-iro Utility (TV),Sorairo Utility (TV)
Project Sekai: Kowareta SEKAI to Utaenai MIKU,COLORFUL STAGE! The Movie: A Miku Who Can't Sing
Nihon Chinbotsu: 2020,Japan Sinks: 2020
Hinomaru-Zumou,Hinomaru Sumo
Undead Girl Murder Farce,Undead Murder Farce
Chi. Chikyuu no Undou ni Tsuite,Orb: On the Movements of the Earth
Sabikui Bisco,Sabikui Bisco
Jujutsu Kaisen: Shimetsu Kaiyuu - Zenpen,JUJUTSU KAISEN Season 3: The Culling Game Part 1
BEASTARS FINAL SEASON Part 2,BEASTARS Final Season Part 2
Enen no Shouboutai: San no Shou Part 2,Fire Force Season 3 Part 2
Jigokuraku 2nd Season,Hell’s Paradise Season 2
Dengeki Oshioki Musume Gootaman: Gootaman Tanjou-hen,Butt Attack Punisher Girl Gautaman
Collar×Malice: deep cover,Collar×Malice: deep cover
Chou Kaguya-hime!,Cosmic Princess Kaguya!
Bakeneko Anzu-chan,GHOST CAT ANZU
Kaoru Hana wa Rin to Saku,The Fragrant Flower Blooms With Dignity
Zenshuu.,ZENSHU
ReLIFE,ReLIFE
ReLIFE: Kanketsu-hen,ReLIFE: Final Arc
Sora yori mo Tooi Basho,A Place Further Than the Universe
